{
  "timestamp": "2025-12-17 16:32:41",
  "total": 117,
  "success": 117,
  "errors": 0,
  "total_time_seconds": 8.39558458328247,
  "avg_time_per_image": 0.07175713319044846,
  "errors_list": []
}
